{
  "project_info": {
    "project_number": "1099302374341",
    "firebase_url": "https://maps-69c91.firebaseio.com",
    "project_id": "maps-69c91",
    "storage_bucket": "maps-69c91.appspot.com"
  },
  "client": [
    {
      "client_info": {
        "mobilesdk_app_id": "1:1099302374341:android:5d796e3490b8eff9",
        "android_client_info": {
          "package_name": "com.example.inclass"
        }
      },
      "oauth_client": [
        {
          "client_id": "1099302374341-83tfl5maffkm5951lc6ve6jpi6gdu08a.apps.googleusercontent.com",
          "client_type": 3
        }
      ],
      "api_key": [
        {
          "current_key": "AIzaSyAtNVd58I8az06jTpDc46C0d1ri1QkOCLw"
        }
      ],
      "services": {
        "appinvite_service": {
          "other_platform_oauth_client": [
            {
              "client_id": "1099302374341-83tfl5maffkm5951lc6ve6jpi6gdu08a.apps.googleusercontent.com",
              "client_type": 3
            }
          ]
        }
      }
    }
  ],
  "configuration_version": "1"
}