{
  "project_info": {
    "project_number": "366977275574",
    "firebase_url": "https://inclass09-414df.firebaseio.com",
    "project_id": "inclass09-414df",
    "storage_bucket": "inclass09-414df.appspot.com"
  },
  "client": [
    {
      "client_info": {
        "mobilesdk_app_id": "1:366977275574:android:74876b2b983e3c47",
        "android_client_info": {
          "package_name": "com.example.inclass09_group19"
        }
      },
      "oauth_client": [],
      "api_key": [
        {
          "current_key": "AIzaSyBOPYiW9Htdtste8sp6hmuYgIUZkDUevmo"
        }
      ],
      "services": {
        "appinvite_service": {
          "other_platform_oauth_client": [
            {
              "client_id": "366977275574-eb1eamlabgm6so13lfbd88n96vd9s2hc.apps.googleusercontent.com",
              "client_type": 3
            }
          ]
        }
      }
    }
  ],
  "configuration_version": "1"
}