{
  "project_info": {
    "project_number": "378882881334",
    "firebase_url": "https://fbdemo-5a08b.firebaseio.com",
    "project_id": "fbdemo-5a08b",
    "storage_bucket": "fbdemo-5a08b.appspot.com"
  },
  "client": [
    {
      "client_info": {
        "mobilesdk_app_id": "1:378882881334:android:3bb88e8daec645db",
        "android_client_info": {
          "package_name": "com.example.finalpractise"
        }
      },
      "oauth_client": [
        {
          "client_id": "378882881334-1hoso2867e90n48mqcbkhofk18mhtvd0.apps.googleusercontent.com",
          "client_type": 3
        }
      ],
      "api_key": [
        {
          "current_key": "AIzaSyBBEyxoyc7ihE2G5cRoqYQ8dmKLYZG-qKY"
        }
      ],
      "services": {
        "appinvite_service": {
          "other_platform_oauth_client": [
            {
              "client_id": "378882881334-1hoso2867e90n48mqcbkhofk18mhtvd0.apps.googleusercontent.com",
              "client_type": 3
            }
          ]
        }
      }
    },
    {
      "client_info": {
        "mobilesdk_app_id": "1:378882881334:android:a40ed6eb08e920be",
        "android_client_info": {
          "package_name": "com.example.firebasedemo"
        }
      },
      "oauth_client": [
        {
          "client_id": "378882881334-1hoso2867e90n48mqcbkhofk18mhtvd0.apps.googleusercontent.com",
          "client_type": 3
        }
      ],
      "api_key": [
        {
          "current_key": "AIzaSyBBEyxoyc7ihE2G5cRoqYQ8dmKLYZG-qKY"
        }
      ],
      "services": {
        "appinvite_service": {
          "other_platform_oauth_client": [
            {
              "client_id": "378882881334-1hoso2867e90n48mqcbkhofk18mhtvd0.apps.googleusercontent.com",
              "client_type": 3
            }
          ]
        }
      }
    }
  ],
  "configuration_version": "1"
}