{
  "project_info": {
    "project_number": "826188192906",
    "firebase_url": "https://inclass11-5ded4.firebaseio.com",
    "project_id": "inclass11-5ded4",
    "storage_bucket": "inclass11-5ded4.appspot.com"
  },
  "client": [
    {
      "client_info": {
        "mobilesdk_app_id": "1:826188192906:android:57263ffd398e4c28c02173",
        "android_client_info": {
          "package_name": "com.example.inclass11"
        }
      },
      "oauth_client": [
        {
          "client_id": "826188192906-v48pm8n99pdqmuef8aq8oae181dr89ab.apps.googleusercontent.com",
          "client_type": 3
        }
      ],
      "api_key": [
        {
          "current_key": "AIzaSyCyPaGE84s-RyrS1lmQfrm-cHqPvP73UXU"
        }
      ],
      "services": {
        "appinvite_service": {
          "other_platform_oauth_client": [
            {
              "client_id": "826188192906-v48pm8n99pdqmuef8aq8oae181dr89ab.apps.googleusercontent.com",
              "client_type": 3
            }
          ]
        }
      }
    }
  ],
  "configuration_version": "1"
}